"","cidade","bolsista","desistentes","sexo","ano"
"1","Vizinha","Não","Não","F",2013
"2","Local","Não","Não","M",2012
"3","Vizinha","Não","Sim","M",2013
"4","Vizinha","Não","Não","M",2012
"5","Vizinha","Sim","Sim","M",2014
"6","Local","Sim","Sim","M",2013
"7","Local","Não","Sim","F",2013
"8","Vizinha","Não","Não","F",2011
"9","Vizinha","Sim","Não","F",2013
"10","Local","Não","Não","F",2014
"11","Vizinha","Sim","Sim","F",2013
"12","Local","Sim","Não","F",2011
"13","Local","Sim","Sim","M",2011
"14","Vizinha","Não","Sim","M",2011
"15","Vizinha","Não","Não","M",2014
"16","Vizinha","Não","Não","F",2014
"17","Local","Não","Sim","F",2013
"18","Local","Não","Sim","F",2011
"19","Vizinha","Sim","Sim","F",2013
"20","Vizinha","Não","Não","M",2013
"21","Local","Não","Sim","F",2011
"22","Local","Não","Não","F",2011
"23","Local","Não","Sim","F",2014
"24","Vizinha","Sim","Sim","M",2014
"25","Vizinha","Sim","Sim","F",2013
"26","Vizinha","Sim","Não","F",2012
"27","Local","Sim","Sim","M",2014
"28","Local","Não","Sim","F",2014
"29","Vizinha","Não","Não","M",2012
"30","Vizinha","Sim","Não","F",2011
"31","Vizinha","Sim","Sim","M",2012
"32","Local","Sim","Não","M",2014
"33","Local","Não","Não","M",2013
"34","Vizinha","Não","Não","F",2013
"35","Vizinha","Sim","Não","F",2011
"36","Vizinha","Não","Não","M",2012
"37","Vizinha","Não","Não","F",2014
"38","Local","Não","Não","M",2014
"39","Vizinha","Sim","Sim","M",2013
"40","Local","Sim","Não","M",2011
"41","Local","Sim","Não","M",2011
"42","Local","Não","Não","F",2011
"43","Local","Não","Sim","F",2013
"44","Vizinha","Sim","Sim","F",2013
"45","Local","Sim","Não","M",2014
"46","Local","Não","Sim","F",2013
"47","Local","Sim","Sim","M",2012
"48","Local","Não","Não","F",2013
"49","Local","Sim","Sim","F",2014
"50","Local","Sim","Sim","F",2012
"51","Local","Não","Sim","F",2014
"52","Vizinha","Não","Sim","M",2012
"53","Vizinha","Não","Sim","M",2011
"54","Vizinha","Sim","Sim","F",2012
"55","Local","Não","Sim","M",2012
"56","Vizinha","Sim","Não","F",2012
"57","Vizinha","Não","Não","F",2011
"58","Vizinha","Sim","Sim","F",2012
"59","Vizinha","Sim","Não","F",2011
"60","Local","Sim","Sim","F",2013
"61","Local","Sim","Sim","M",2012
"62","Vizinha","Não","Não","F",2013
"63","Local","Sim","Sim","M",2012
"64","Local","Não","Sim","F",2014
"65","Local","Sim","Não","F",2011
"66","Vizinha","Não","Não","M",2012
"67","Vizinha","Não","Não","F",2013
"68","Local","Não","Não","M",2014
"69","Local","Sim","Não","M",2012
"70","Vizinha","Não","Sim","F",2013
"71","Vizinha","Não","Não","F",2014
"72","Local","Não","Sim","F",2013
"73","Local","Sim","Não","F",2014
"74","Local","Sim","Não","M",2013
"75","Local","Sim","Não","F",2012
"76","Local","Não","Sim","M",2013
"77","Vizinha","Não","Não","M",2013
"78","Vizinha","Não","Sim","M",2012
"79","Local","Não","Sim","M",2012
"80","Local","Sim","Sim","F",2012
"81","Local","Não","Não","M",2014
"82","Vizinha","Sim","Não","F",2012
"83","Local","Não","Sim","M",2014
"84","Local","Não","Sim","M",2012
"85","Vizinha","Não","Sim","M",2012
"86","Vizinha","Não","Não","M",2014
"87","Vizinha","Sim","Não","M",2013
"88","Vizinha","Não","Sim","M",2011
"89","Vizinha","Sim","Sim","M",2013
"90","Vizinha","Sim","Não","M",2012
"91","Local","Não","Não","F",2014
"92","Local","Não","Não","F",2011
"93","Local","Sim","Sim","F",2011
"94","Vizinha","Não","Não","F",2013
"95","Vizinha","Não","Não","F",2013
"96","Vizinha","Sim","Não","F",2013
"97","Local","Não","Não","M",2013
"98","Vizinha","Não","Não","F",2012
"99","Local","Não","Não","M",2013
"100","Local","Sim","Sim","M",2013
"101","Local","Sim","Sim","M",2011
"102","Local","Sim","Sim","M",2011
"103","Local","Sim","Não","M",2011
"104","Local","Sim","Sim","M",2012
"105","Vizinha","Sim","Não","M",2011
"106","Vizinha","Sim","Não","F",2014
"107","Local","Sim","Sim","F",2013
"108","Local","Não","Sim","F",2014
"109","Vizinha","Não","Sim","F",2014
"110","Local","Sim","Sim","M",2013
"111","Vizinha","Sim","Sim","F",2011
"112","Vizinha","Sim","Sim","M",2011
"113","Vizinha","Não","Sim","F",2012
"114","Vizinha","Não","Sim","M",2013
"115","Local","Sim","Não","F",2011
"116","Vizinha","Não","Não","M",2014
"117","Local","Não","Sim","F",2012
"118","Vizinha","Sim","Não","M",2013
"119","Vizinha","Sim","Não","M",2011
"120","Vizinha","Sim","Não","F",2014
"121","Local","Sim","Não","M",2011
"122","Vizinha","Não","Sim","F",2014
"123","Local","Não","Não","M",2011
"124","Vizinha","Não","Não","F",2011
"125","Vizinha","Não","Não","M",2011
"126","Vizinha","Sim","Não","M",2013
"127","Vizinha","Não","Não","M",2014
"128","Local","Sim","Não","F",2011
"129","Local","Não","Não","F",2012
"130","Vizinha","Não","Não","F",2012
"131","Local","Não","Não","F",2013
"132","Vizinha","Sim","Sim","M",2014
"133","Local","Sim","Não","F",2011
"134","Local","Não","Não","F",2011
"135","Vizinha","Não","Sim","M",2012
"136","Local","Sim","Não","M",2012
"137","Vizinha","Não","Não","F",2012
"138","Vizinha","Não","Não","M",2012
"139","Local","Não","Não","M",2011
"140","Vizinha","Sim","Sim","F",2011
"141","Vizinha","Não","Sim","M",2013
"142","Local","Não","Não","M",2013
"143","Local","Não","Sim","F",2013
"144","Vizinha","Não","Não","F",2013
"145","Local","Não","Não","F",2011
"146","Local","Não","Não","F",2013
"147","Local","Não","Sim","M",2014
"148","Vizinha","Não","Não","F",2012
"149","Local","Sim","Não","F",2013
"150","Local","Sim","Não","M",2011
"151","Local","Não","Não","M",2013
"152","Vizinha","Sim","Sim","F",2013
"153","Vizinha","Sim","Sim","M",2014
"154","Local","Não","Não","M",2014
"155","Vizinha","Sim","Não","F",2013
"156","Vizinha","Não","Sim","M",2011
"157","Vizinha","Sim","Sim","F",2014
"158","Vizinha","Sim","Sim","F",2014
"159","Vizinha","Não","Não","M",2012
"160","Local","Sim","Sim","F",2013
"161","Vizinha","Sim","Não","F",2014
"162","Vizinha","Sim","Sim","M",2011
"163","Local","Sim","Não","F",2011
"164","Local","Não","Não","F",2012
"165","Vizinha","Não","Não","M",2013
"166","Vizinha","Não","Sim","F",2011
"167","Local","Não","Sim","F",2014
"168","Local","Sim","Sim","M",2014
"169","Local","Sim","Sim","M",2012
"170","Vizinha","Sim","Sim","F",2014
"171","Local","Não","Sim","F",2012
"172","Local","Sim","Não","M",2013
"173","Local","Não","Não","F",2014
"174","Vizinha","Sim","Não","F",2013
"175","Local","Sim","Sim","F",2014
"176","Local","Sim","Sim","F",2012
"177","Local","Não","Sim","F",2013
"178","Vizinha","Sim","Não","F",2013
"179","Local","Não","Não","M",2014
"180","Local","Sim","Sim","M",2012
"181","Local","Sim","Sim","F",2012
"182","Local","Sim","Sim","M",2013
"183","Local","Não","Não","F",2011
"184","Local","Não","Sim","F",2013
"185","Local","Sim","Sim","M",2012
"186","Vizinha","Sim","Sim","M",2014
"187","Local","Sim","Não","M",2011
"188","Vizinha","Sim","Sim","M",2012
"189","Local","Não","Não","F",2014
"190","Vizinha","Sim","Sim","F",2012
"191","Local","Sim","Sim","F",2013
"192","Vizinha","Não","Sim","F",2013
"193","Vizinha","Não","Sim","F",2014
"194","Local","Sim","Sim","F",2014
"195","Vizinha","Não","Sim","M",2011
"196","Vizinha","Não","Não","F",2012
"197","Vizinha","Sim","Não","F",2014
"198","Local","Sim","Sim","M",2012
"199","Local","Não","Sim","F",2013
"200","Vizinha","Não","Não","F",2012
"201","Local","Não","Sim","F",2012
"202","Local","Sim","Não","M",2012
"203","Local","Sim","Não","F",2013
"204","Vizinha","Não","Não","M",2013
"205","Vizinha","Não","Sim","F",2012
"206","Vizinha","Sim","Sim","F",2013
"207","Local","Não","Não","M",2012
"208","Local","Não","Não","M",2011
"209","Vizinha","Sim","Sim","F",2013
"210","Local","Sim","Não","F",2013
"211","Vizinha","Sim","Não","F",2012
"212","Local","Não","Sim","F",2014
"213","Vizinha","Não","Não","M",2013
"214","Local","Não","Sim","F",2012
"215","Local","Não","Não","M",2012
"216","Local","Não","Sim","F",2013
"217","Vizinha","Sim","Sim","M",2013
"218","Vizinha","Sim","Não","F",2012
"219","Vizinha","Não","Não","F",2012
"220","Vizinha","Sim","Não","M",2011
"221","Vizinha","Sim","Não","M",2013
"222","Local","Sim","Sim","F",2011
"223","Vizinha","Não","Não","F",2012
"224","Vizinha","Não","Sim","M",2012
"225","Local","Sim","Não","F",2013
"226","Local","Não","Não","F",2011
"227","Local","Não","Não","F",2014
"228","Vizinha","Não","Sim","F",2012
"229","Local","Não","Sim","M",2014
"230","Local","Não","Não","M",2011
"231","Local","Não","Sim","M",2012
"232","Local","Sim","Não","F",2014
"233","Local","Não","Sim","F",2013
"234","Vizinha","Sim","Sim","F",2011
"235","Vizinha","Não","Não","F",2014
"236","Local","Não","Sim","M",2012
"237","Vizinha","Sim","Sim","F",2014
"238","Local","Não","Não","F",2012
"239","Local","Sim","Sim","F",2011
"240","Local","Não","Sim","M",2014
"241","Vizinha","Sim","Não","M",2014
"242","Vizinha","Sim","Não","M",2012
"243","Local","Sim","Não","M",2014
"244","Vizinha","Não","Sim","M",2014
"245","Vizinha","Não","Sim","M",2014
"246","Vizinha","Não","Sim","M",2014
"247","Vizinha","Sim","Sim","F",2013
"248","Vizinha","Não","Não","M",2014
"249","Vizinha","Não","Não","M",2011
"250","Local","Não","Não","F",2012
"251","Local","Não","Não","M",2014
"252","Vizinha","Não","Não","M",2011
"253","Local","Não","Sim","F",2014
"254","Vizinha","Não","Sim","M",2011
"255","Vizinha","Sim","Sim","F",2011
"256","Vizinha","Sim","Sim","F",2014
"257","Vizinha","Sim","Não","M",2012
"258","Local","Não","Sim","M",2013
"259","Vizinha","Sim","Sim","M",2014
"260","Vizinha","Sim","Não","M",2012
"261","Local","Não","Sim","M",2014
"262","Vizinha","Não","Sim","M",2012
"263","Local","Sim","Sim","F",2012
"264","Vizinha","Não","Não","F",2011
"265","Local","Não","Sim","M",2012
"266","Local","Sim","Sim","M",2013
"267","Vizinha","Sim","Sim","F",2014
"268","Local","Sim","Sim","M",2012
"269","Vizinha","Sim","Não","M",2012
"270","Vizinha","Sim","Sim","F",2013
"271","Local","Sim","Sim","M",2014
"272","Vizinha","Não","Sim","F",2012
"273","Vizinha","Sim","Sim","F",2013
"274","Local","Sim","Sim","F",2011
"275","Vizinha","Não","Não","F",2014
"276","Local","Sim","Não","F",2014
"277","Local","Sim","Não","M",2012
"278","Local","Sim","Sim","F",2011
"279","Vizinha","Sim","Não","F",2012
"280","Vizinha","Não","Sim","F",2011
"281","Local","Não","Sim","M",2013
"282","Local","Sim","Não","M",2011
"283","Local","Não","Sim","M",2014
"284","Vizinha","Não","Sim","M",2013
"285","Vizinha","Não","Sim","M",2014
"286","Vizinha","Não","Não","M",2011
"287","Vizinha","Sim","Não","M",2013
"288","Vizinha","Não","Sim","F",2012
"289","Vizinha","Sim","Não","M",2014
"290","Vizinha","Não","Sim","F",2014
"291","Vizinha","Sim","Sim","M",2013
"292","Vizinha","Sim","Sim","M",2014
"293","Local","Sim","Não","F",2014
"294","Local","Sim","Sim","F",2012
"295","Local","Sim","Sim","F",2013
"296","Vizinha","Sim","Não","M",2014
"297","Vizinha","Sim","Não","M",2012
"298","Vizinha","Sim","Sim","M",2011
"299","Vizinha","Sim","Sim","M",2014
"300","Local","Sim","Sim","M",2013
"301","Local","Sim","Sim","F",2012
"302","Local","Sim","Não","F",2011
"303","Vizinha","Sim","Não","M",2014
"304","Vizinha","Sim","Sim","F",2012
"305","Vizinha","Sim","Sim","F",2014
"306","Local","Sim","Sim","M",2011
"307","Local","Sim","Sim","M",2014
"308","Vizinha","Não","Sim","M",2013
"309","Local","Não","Sim","F",2014
"310","Local","Sim","Sim","M",2013
"311","Vizinha","Sim","Sim","F",2014
"312","Local","Não","Não","F",2014
"313","Vizinha","Sim","Não","F",2012
"314","Local","Sim","Não","M",2012
"315","Local","Sim","Não","F",2014
"316","Local","Sim","Não","M",2014
"317","Local","Sim","Sim","M",2011
"318","Vizinha","Não","Sim","F",2013
"319","Local","Sim","Sim","M",2011
"320","Vizinha","Não","Sim","F",2011
"321","Local","Sim","Sim","F",2013
"322","Vizinha","Não","Sim","F",2013
"323","Local","Sim","Sim","M",2013
"324","Vizinha","Não","Não","M",2014
"325","Local","Sim","Não","M",2011
"326","Vizinha","Não","Não","F",2013
"327","Vizinha","Não","Sim","M",2013
"328","Vizinha","Não","Sim","M",2012
"329","Vizinha","Não","Sim","M",2012
"330","Local","Não","Sim","M",2014
"331","Local","Não","Sim","F",2013
"332","Local","Sim","Sim","F",2011
"333","Vizinha","Sim","Sim","F",2012
"334","Local","Sim","Sim","F",2012
"335","Local","Não","Não","F",2011
"336","Vizinha","Sim","Não","M",2012
"337","Vizinha","Sim","Não","F",2012
"338","Local","Não","Sim","F",2013
"339","Local","Sim","Não","F",2012
"340","Local","Sim","Não","M",2012
"341","Vizinha","Sim","Sim","F",2013
"342","Vizinha","Sim","Sim","M",2011
"343","Local","Sim","Sim","M",2013
"344","Local","Não","Não","F",2011
"345","Local","Sim","Não","M",2011
"346","Local","Sim","Sim","M",2011
"347","Local","Não","Não","F",2014
"348","Vizinha","Sim","Sim","M",2014
"349","Local","Não","Sim","M",2011
"350","Vizinha","Sim","Sim","M",2013
"351","Vizinha","Não","Sim","M",2013
"352","Vizinha","Sim","Não","F",2013
"353","Local","Não","Sim","F",2011
"354","Local","Sim","Não","M",2012
"355","Vizinha","Não","Não","F",2011
"356","Vizinha","Não","Sim","M",2014
"357","Vizinha","Não","Sim","F",2014
"358","Local","Não","Não","F",2011
"359","Local","Sim","Sim","F",2012
"360","Local","Não","Não","F",2014
"361","Vizinha","Não","Não","M",2011
"362","Vizinha","Sim","Não","F",2012
"363","Vizinha","Sim","Não","F",2011
"364","Local","Não","Sim","F",2014
"365","Local","Sim","Não","M",2011
"366","Vizinha","Não","Sim","F",2013
"367","Local","Sim","Não","F",2014
"368","Vizinha","Não","Não","M",2012
"369","Vizinha","Não","Sim","F",2014
"370","Vizinha","Não","Não","F",2014
"371","Local","Não","Sim","F",2013
"372","Vizinha","Sim","Não","F",2012
"373","Vizinha","Não","Não","F",2011
"374","Vizinha","Não","Sim","M",2013
"375","Vizinha","Sim","Não","M",2013
"376","Vizinha","Não","Não","F",2014
"377","Local","Sim","Não","M",2011
"378","Vizinha","Não","Sim","M",2011
"379","Vizinha","Não","Sim","M",2011
"380","Vizinha","Não","Sim","F",2012
"381","Local","Não","Sim","M",2012
"382","Local","Não","Não","M",2013
"383","Local","Não","Não","M",2011
"384","Local","Não","Sim","M",2013
"385","Vizinha","Sim","Sim","M",2013
"386","Local","Sim","Não","M",2011
"387","Vizinha","Não","Não","M",2011
"388","Local","Sim","Não","F",2011
"389","Local","Não","Sim","M",2012
"390","Local","Sim","Sim","M",2014
"391","Vizinha","Não","Sim","F",2014
"392","Vizinha","Não","Sim","M",2012
"393","Local","Sim","Não","F",2012
"394","Local","Sim","Não","M",2014
"395","Vizinha","Não","Não","M",2012
"396","Local","Não","Não","M",2013
"397","Local","Não","Sim","F",2014
"398","Vizinha","Sim","Não","F",2013
"399","Local","Não","Não","F",2011
"400","Local","Não","Não","M",2012
"401","Vizinha","Sim","Sim","M",2014
"402","Vizinha","Não","Sim","M",2013
"403","Local","Sim","Não","F",2013
"404","Local","Sim","Não","F",2011
"405","Vizinha","Não","Não","F",2014
"406","Vizinha","Sim","Não","F",2013
"407","Vizinha","Não","Sim","F",2012
"408","Local","Não","Sim","M",2013
"409","Vizinha","Não","Sim","F",2011
"410","Vizinha","Sim","Não","F",2012
"411","Vizinha","Não","Sim","F",2011
"412","Local","Sim","Sim","M",2014
"413","Vizinha","Não","Sim","M",2011
"414","Local","Não","Sim","F",2013
"415","Local","Sim","Não","M",2012
"416","Vizinha","Sim","Não","M",2011
"417","Vizinha","Não","Sim","M",2012
"418","Vizinha","Sim","Sim","M",2012
"419","Local","Não","Sim","F",2011
"420","Vizinha","Não","Não","F",2012
"421","Local","Sim","Não","M",2014
"422","Local","Não","Não","F",2013
"423","Vizinha","Não","Não","M",2012
"424","Local","Não","Sim","M",2013
"425","Local","Sim","Não","F",2012
"426","Vizinha","Sim","Sim","M",2014
"427","Vizinha","Sim","Não","M",2013
"428","Local","Não","Não","M",2012
"429","Local","Sim","Sim","F",2011
"430","Local","Sim","Não","M",2013
"431","Vizinha","Sim","Não","M",2014
"432","Vizinha","Sim","Sim","F",2012
"433","Vizinha","Sim","Sim","M",2011
"434","Vizinha","Sim","Sim","M",2014
"435","Local","Não","Sim","F",2011
"436","Vizinha","Não","Não","F",2014
"437","Vizinha","Sim","Sim","M",2013
"438","Vizinha","Sim","Não","M",2013
"439","Vizinha","Sim","Não","M",2013
"440","Local","Sim","Não","M",2011
"441","Local","Sim","Não","F",2014
"442","Vizinha","Não","Não","M",2011
"443","Vizinha","Sim","Sim","M",2014
"444","Local","Sim","Sim","M",2013
"445","Vizinha","Não","Não","M",2011
"446","Vizinha","Sim","Não","F",2013
"447","Vizinha","Não","Sim","F",2013
"448","Local","Sim","Sim","M",2012
"449","Local","Não","Não","M",2011
"450","Vizinha","Não","Não","F",2011
"451","Local","Sim","Sim","F",2013
"452","Vizinha","Não","Não","M",2011
"453","Vizinha","Não","Sim","F",2013
"454","Local","Não","Não","M",2013
"455","Local","Não","Sim","M",2013
"456","Vizinha","Sim","Não","F",2013
"457","Local","Não","Sim","F",2013
"458","Local","Sim","Não","F",2013
"459","Local","Sim","Não","F",2013
"460","Vizinha","Sim","Sim","M",2012
"461","Vizinha","Não","Sim","F",2014
"462","Local","Não","Não","M",2013
"463","Vizinha","Não","Sim","M",2014
"464","Vizinha","Sim","Não","M",2012
"465","Vizinha","Sim","Sim","F",2013
"466","Local","Sim","Não","F",2011
"467","Vizinha","Não","Não","M",2012
"468","Vizinha","Não","Não","F",2011
"469","Vizinha","Sim","Não","F",2011
"470","Vizinha","Sim","Não","F",2013
"471","Local","Não","Não","F",2014
"472","Local","Sim","Não","M",2012
"473","Local","Sim","Sim","M",2014
"474","Vizinha","Sim","Sim","F",2013
"475","Local","Não","Sim","F",2013
"476","Local","Sim","Não","F",2013
"477","Local","Sim","Não","F",2014
"478","Vizinha","Sim","Não","F",2011
"479","Local","Não","Não","F",2012
"480","Local","Sim","Não","M",2013
"481","Local","Sim","Não","F",2012
"482","Vizinha","Não","Sim","M",2013
"483","Local","Não","Não","M",2014
"484","Vizinha","Sim","Não","M",2014
"485","Vizinha","Sim","Sim","F",2011
"486","Local","Sim","Sim","F",2014
"487","Local","Não","Não","F",2014
"488","Local","Não","Sim","M",2014
"489","Local","Sim","Não","M",2014
"490","Vizinha","Sim","Não","F",2014
"491","Local","Não","Não","F",2011
"492","Vizinha","Sim","Não","M",2013
"493","Vizinha","Não","Sim","F",2014
"494","Local","Sim","Sim","M",2013
"495","Local","Não","Não","M",2013
"496","Vizinha","Não","Sim","M",2012
"497","Vizinha","Não","Não","F",2012
"498","Local","Não","Sim","F",2011
"499","Local","Sim","Sim","M",2012
"500","Vizinha","Sim","Sim","F",2013
"501","Vizinha","Sim","Não","F",2012
"502","Local","Não","Sim","M",2012
"503","Vizinha","Sim","Sim","M",2013
"504","Vizinha","Não","Não","M",2011
"505","Local","Não","Sim","M",2012
"506","Local","Sim","Não","M",2014
"507","Vizinha","Não","Sim","M",2011
"508","Vizinha","Sim","Não","F",2011
"509","Vizinha","Não","Não","M",2011
"510","Vizinha","Não","Não","F",2011
"511","Local","Sim","Sim","F",2012
"512","Vizinha","Não","Sim","M",2013
"513","Local","Sim","Não","M",2012
"514","Vizinha","Não","Não","M",2011
"515","Local","Não","Não","F",2014
"516","Vizinha","Não","Não","F",2014
"517","Vizinha","Não","Não","M",2014
"518","Local","Não","Sim","M",2011
"519","Local","Não","Não","F",2012
"520","Vizinha","Não","Não","F",2012
"521","Vizinha","Sim","Não","M",2013
"522","Local","Não","Não","M",2012
"523","Vizinha","Sim","Não","F",2013
"524","Local","Sim","Não","M",2013
"525","Local","Não","Não","F",2013
"526","Vizinha","Não","Não","F",2013
"527","Vizinha","Não","Sim","F",2012
"528","Local","Sim","Não","F",2014
"529","Vizinha","Sim","Sim","F",2013
"530","Vizinha","Não","Não","M",2011
"531","Vizinha","Sim","Não","M",2011
"532","Local","Não","Sim","F",2014
"533","Local","Não","Sim","M",2012
"534","Vizinha","Não","Não","M",2014
"535","Vizinha","Sim","Não","M",2011
"536","Local","Não","Não","F",2012
"537","Local","Não","Sim","F",2012
"538","Vizinha","Sim","Sim","M",2011
"539","Vizinha","Não","Sim","F",2014
"540","Local","Sim","Não","F",2014
"541","Local","Sim","Não","F",2012
"542","Local","Sim","Sim","F",2011
"543","Vizinha","Sim","Não","M",2014
"544","Vizinha","Não","Sim","F",2012
"545","Vizinha","Não","Sim","F",2012
"546","Local","Sim","Não","M",2012
"547","Vizinha","Sim","Sim","F",2013
"548","Vizinha","Sim","Não","M",2011
"549","Vizinha","Não","Não","M",2014
"550","Local","Sim","Sim","F",2011
"551","Local","Sim","Não","M",2013
"552","Vizinha","Não","Não","F",2011
"553","Local","Sim","Não","F",2014
"554","Vizinha","Sim","Sim","F",2014
"555","Local","Não","Não","M",2013
"556","Vizinha","Sim","Não","F",2012
"557","Vizinha","Não","Não","F",2011
"558","Vizinha","Não","Sim","M",2013
"559","Local","Não","Sim","F",2013
"560","Vizinha","Sim","Sim","M",2014
"561","Vizinha","Não","Sim","M",2013
"562","Vizinha","Não","Não","F",2014
"563","Vizinha","Não","Sim","F",2011
"564","Local","Não","Sim","M",2012
"565","Vizinha","Sim","Não","F",2012
"566","Local","Não","Não","M",2011
"567","Vizinha","Sim","Não","M",2014
"568","Vizinha","Sim","Não","M",2012
"569","Vizinha","Sim","Sim","F",2011
"570","Vizinha","Sim","Não","M",2012
"571","Local","Sim","Não","M",2011
"572","Vizinha","Sim","Sim","F",2012
"573","Local","Não","Não","M",2012
"574","Local","Sim","Sim","M",2014
"575","Vizinha","Não","Não","F",2014
"576","Vizinha","Sim","Não","F",2013
"577","Local","Não","Não","F",2013
"578","Vizinha","Sim","Não","F",2013
"579","Vizinha","Não","Não","M",2013
"580","Local","Sim","Sim","F",2012
"581","Local","Sim","Sim","F",2013
"582","Local","Sim","Não","F",2014
"583","Vizinha","Não","Não","F",2012
"584","Local","Não","Não","F",2014
"585","Vizinha","Sim","Não","F",2012
"586","Local","Não","Sim","M",2014
"587","Local","Não","Não","M",2011
"588","Vizinha","Sim","Não","F",2012
"589","Vizinha","Não","Sim","M",2011
"590","Local","Não","Sim","M",2011
"591","Local","Não","Sim","F",2012
"592","Local","Sim","Sim","F",2011
"593","Local","Não","Sim","F",2012
"594","Vizinha","Não","Não","M",2012
"595","Local","Sim","Não","M",2012
"596","Local","Não","Não","F",2014
"597","Vizinha","Não","Sim","F",2011
"598","Local","Sim","Não","M",2011
"599","Vizinha","Sim","Sim","F",2013
"600","Local","Sim","Não","F",2012
"601","Vizinha","Sim","Sim","M",2012
"602","Vizinha","Sim","Sim","F",2013
"603","Local","Não","Não","M",2011
"604","Vizinha","Não","Não","M",2013
"605","Local","Sim","Não","M",2014
"606","Vizinha","Não","Sim","F",2013
"607","Local","Sim","Não","F",2014
"608","Local","Não","Não","M",2013
"609","Local","Sim","Sim","M",2011
"610","Vizinha","Sim","Sim","M",2013
"611","Local","Sim","Não","M",2011
"612","Vizinha","Não","Não","M",2012
"613","Vizinha","Sim","Sim","M",2013
"614","Local","Sim","Não","F",2014
"615","Local","Não","Sim","M",2011
"616","Vizinha","Sim","Sim","M",2012
"617","Local","Não","Sim","M",2013
"618","Local","Não","Não","F",2014
"619","Vizinha","Não","Não","M",2013
"620","Vizinha","Não","Sim","F",2011
"621","Local","Não","Não","M",2011
"622","Vizinha","Sim","Sim","F",2012
"623","Vizinha","Sim","Sim","M",2013
"624","Local","Sim","Sim","F",2012
"625","Local","Sim","Não","M",2014
"626","Vizinha","Sim","Não","F",2014
"627","Vizinha","Sim","Não","M",2013
"628","Vizinha","Sim","Não","F",2012
"629","Vizinha","Sim","Não","M",2011
"630","Vizinha","Sim","Sim","F",2013
"631","Local","Não","Não","M",2011
"632","Vizinha","Não","Sim","M",2014
"633","Local","Sim","Não","F",2012
"634","Vizinha","Não","Não","M",2011
"635","Local","Não","Não","M",2014
"636","Local","Não","Não","F",2011
"637","Local","Sim","Sim","M",2011
"638","Vizinha","Sim","Sim","F",2012
"639","Local","Não","Sim","F",2012
"640","Vizinha","Sim","Não","M",2011
"641","Vizinha","Não","Não","M",2014
"642","Vizinha","Não","Não","F",2014
"643","Local","Sim","Sim","M",2012
"644","Vizinha","Não","Sim","F",2014
"645","Vizinha","Sim","Sim","F",2011
"646","Local","Sim","Não","F",2013
"647","Local","Sim","Sim","M",2013
"648","Local","Sim","Sim","F",2011
"649","Local","Não","Sim","F",2014
"650","Vizinha","Sim","Sim","F",2013
"651","Local","Não","Não","M",2011
"652","Vizinha","Não","Não","M",2014
"653","Local","Sim","Não","F",2014
"654","Local","Não","Não","M",2014
"655","Vizinha","Sim","Sim","M",2013
"656","Local","Sim","Não","M",2011
"657","Vizinha","Sim","Sim","M",2012
"658","Vizinha","Não","Não","F",2014
"659","Local","Sim","Não","F",2013
"660","Vizinha","Sim","Não","F",2013
"661","Local","Não","Sim","F",2013
"662","Local","Não","Não","M",2013
"663","Vizinha","Não","Sim","F",2011
"664","Vizinha","Não","Não","M",2013
"665","Vizinha","Não","Sim","F",2013
"666","Vizinha","Sim","Não","F",2011
"667","Local","Não","Sim","F",2012
"668","Vizinha","Não","Sim","F",2012
"669","Vizinha","Não","Não","M",2011
"670","Vizinha","Sim","Não","M",2013
"671","Local","Não","Não","M",2011
"672","Local","Não","Sim","M",2011
"673","Local","Sim","Não","F",2014
"674","Vizinha","Sim","Não","F",2011
"675","Local","Não","Sim","M",2014
"676","Vizinha","Sim","Não","F",2011
"677","Local","Sim","Não","F",2014
"678","Local","Sim","Não","M",2014
"679","Vizinha","Sim","Não","M",2014
"680","Vizinha","Não","Sim","F",2013
"681","Vizinha","Não","Sim","M",2011
"682","Local","Sim","Não","M",2012
"683","Local","Sim","Não","M",2011
"684","Local","Não","Sim","M",2012
"685","Local","Não","Sim","M",2012
"686","Local","Não","Não","F",2012
"687","Vizinha","Sim","Não","F",2014
"688","Vizinha","Não","Sim","M",2012
"689","Vizinha","Sim","Não","F",2011
"690","Local","Sim","Não","M",2011
"691","Vizinha","Não","Não","F",2011
"692","Local","Sim","Sim","M",2011
"693","Local","Sim","Sim","M",2011
"694","Local","Não","Sim","F",2014
"695","Vizinha","Sim","Sim","M",2014
"696","Local","Sim","Não","F",2011
"697","Vizinha","Não","Não","M",2011
"698","Local","Não","Não","M",2013
"699","Local","Não","Não","M",2011
"700","Local","Sim","Não","F",2013
"701","Local","Sim","Não","M",2014
"702","Local","Não","Sim","F",2014
"703","Local","Não","Não","F",2012
"704","Local","Não","Não","F",2012
"705","Local","Sim","Não","F",2012
"706","Vizinha","Não","Sim","M",2012
"707","Local","Sim","Não","F",2012
"708","Local","Sim","Sim","F",2012
"709","Vizinha","Sim","Não","M",2011
"710","Local","Sim","Sim","M",2014
"711","Local","Sim","Sim","M",2014
"712","Vizinha","Sim","Sim","F",2013
"713","Vizinha","Não","Sim","F",2012
"714","Local","Não","Não","F",2012
"715","Vizinha","Sim","Não","F",2011
"716","Local","Não","Sim","M",2012
"717","Vizinha","Não","Sim","F",2013
"718","Vizinha","Sim","Não","F",2014
"719","Local","Sim","Sim","M",2011
"720","Vizinha","Não","Sim","F",2013
"721","Local","Sim","Sim","M",2011
"722","Vizinha","Não","Não","F",2014
"723","Vizinha","Sim","Não","M",2013
"724","Vizinha","Sim","Sim","M",2013
"725","Vizinha","Não","Não","M",2014
"726","Local","Sim","Não","M",2014
"727","Vizinha","Não","Sim","M",2012
"728","Vizinha","Sim","Sim","F",2014
"729","Vizinha","Sim","Não","F",2013
"730","Local","Não","Sim","F",2012
"731","Vizinha","Sim","Não","F",2011
"732","Vizinha","Não","Não","F",2014
"733","Vizinha","Não","Sim","F",2012
"734","Vizinha","Sim","Não","M",2011
"735","Vizinha","Não","Não","F",2012
"736","Vizinha","Sim","Sim","M",2014
"737","Vizinha","Sim","Sim","F",2011
"738","Local","Sim","Não","F",2014
"739","Local","Não","Não","F",2011
"740","Local","Não","Não","F",2013
"741","Local","Não","Sim","F",2014
"742","Vizinha","Sim","Não","F",2011
"743","Vizinha","Não","Não","F",2013
"744","Local","Sim","Sim","F",2012
"745","Vizinha","Não","Sim","F",2012
"746","Local","Não","Não","F",2012
"747","Vizinha","Não","Sim","M",2011
"748","Local","Não","Não","M",2013
"749","Local","Sim","Não","F",2011
"750","Local","Sim","Sim","F",2012
"751","Local","Não","Sim","F",2013
"752","Vizinha","Não","Não","F",2011
"753","Local","Não","Sim","F",2011
"754","Local","Não","Sim","F",2011
"755","Local","Não","Não","M",2014
"756","Vizinha","Sim","Sim","M",2013
"757","Local","Não","Sim","F",2011
"758","Vizinha","Sim","Não","F",2011
"759","Vizinha","Não","Não","M",2014
"760","Vizinha","Não","Sim","M",2011
"761","Local","Sim","Sim","F",2012
"762","Vizinha","Sim","Sim","F",2013
"763","Local","Sim","Sim","F",2013
"764","Local","Não","Não","F",2014
"765","Local","Não","Sim","F",2014
"766","Vizinha","Sim","Sim","M",2011
"767","Vizinha","Sim","Sim","F",2013
"768","Vizinha","Sim","Sim","F",2012
"769","Vizinha","Não","Não","F",2013
"770","Vizinha","Não","Não","M",2011
"771","Vizinha","Sim","Não","M",2013
"772","Vizinha","Sim","Sim","F",2011
"773","Local","Sim","Sim","M",2012
"774","Local","Não","Não","F",2012
"775","Local","Sim","Não","M",2014
"776","Vizinha","Sim","Não","M",2014
"777","Local","Não","Não","F",2014
"778","Local","Sim","Não","M",2013
"779","Local","Sim","Sim","F",2012
"780","Local","Não","Sim","M",2011
"781","Local","Não","Sim","M",2011
"782","Vizinha","Sim","Não","F",2011
"783","Local","Não","Não","F",2011
"784","Vizinha","Sim","Não","F",2011
"785","Local","Sim","Não","M",2011
"786","Vizinha","Sim","Sim","M",2013
"787","Vizinha","Não","Não","M",2011
"788","Local","Não","Sim","F",2014
"789","Local","Sim","Não","M",2013
"790","Local","Sim","Não","F",2014
"791","Local","Sim","Sim","M",2012
"792","Local","Sim","Não","F",2011
"793","Local","Não","Não","F",2014
"794","Local","Não","Sim","F",2012
"795","Local","Sim","Sim","M",2013
"796","Local","Sim","Não","M",2013
"797","Local","Não","Sim","F",2012
"798","Vizinha","Não","Sim","M",2011
"799","Local","Não","Não","M",2011
"800","Local","Sim","Sim","F",2013
"801","Vizinha","Não","Não","M",2011
"802","Vizinha","Sim","Sim","F",2013
"803","Vizinha","Não","Sim","M",2012
"804","Vizinha","Sim","Não","M",2012
"805","Local","Não","Sim","F",2011
"806","Vizinha","Não","Sim","M",2014
"807","Vizinha","Sim","Não","F",2011
"808","Vizinha","Não","Não","F",2014
"809","Vizinha","Não","Não","F",2014
"810","Local","Sim","Sim","M",2013
"811","Vizinha","Não","Sim","M",2014
"812","Vizinha","Sim","Sim","M",2014
"813","Local","Não","Sim","M",2012
"814","Vizinha","Sim","Não","M",2014
"815","Vizinha","Sim","Não","F",2013
"816","Vizinha","Não","Não","M",2013
"817","Vizinha","Não","Não","F",2014
"818","Vizinha","Não","Não","M",2014
"819","Local","Sim","Não","F",2012
"820","Local","Não","Não","M",2013
"821","Vizinha","Não","Sim","F",2013
"822","Vizinha","Não","Não","M",2011
"823","Local","Não","Sim","M",2012
"824","Vizinha","Sim","Sim","M",2011
"825","Vizinha","Não","Sim","M",2014
"826","Vizinha","Não","Sim","M",2013
"827","Vizinha","Não","Não","M",2014
"828","Local","Não","Não","F",2014
"829","Local","Sim","Sim","M",2012
"830","Vizinha","Sim","Sim","F",2012
"831","Local","Sim","Não","F",2012
"832","Local","Não","Sim","M",2012
"833","Local","Sim","Sim","F",2012
"834","Local","Não","Não","M",2014
"835","Vizinha","Sim","Não","F",2011
"836","Vizinha","Não","Sim","F",2014
"837","Local","Não","Não","M",2011
"838","Vizinha","Sim","Sim","M",2013
"839","Local","Sim","Não","M",2013
"840","Local","Sim","Não","F",2013
"841","Vizinha","Sim","Sim","F",2014
"842","Vizinha","Não","Não","F",2014
"843","Vizinha","Sim","Não","F",2014
"844","Vizinha","Não","Não","M",2013
"845","Local","Sim","Sim","M",2012
"846","Vizinha","Sim","Não","M",2012
"847","Vizinha","Não","Não","F",2011
"848","Vizinha","Sim","Não","F",2012
"849","Vizinha","Não","Sim","M",2011
"850","Vizinha","Não","Sim","M",2013
"851","Vizinha","Não","Não","F",2014
"852","Vizinha","Sim","Sim","F",2012
"853","Local","Sim","Não","F",2014
"854","Local","Não","Sim","F",2014
"855","Local","Sim","Sim","F",2011
"856","Local","Não","Não","M",2013
"857","Local","Não","Não","M",2012
"858","Local","Sim","Não","F",2012
"859","Local","Não","Sim","F",2011
"860","Local","Sim","Sim","F",2012
"861","Local","Não","Não","F",2014
"862","Vizinha","Não","Sim","F",2011
"863","Local","Sim","Sim","M",2013
"864","Local","Não","Não","F",2011
"865","Local","Sim","Não","M",2012
"866","Vizinha","Sim","Sim","F",2011
"867","Vizinha","Não","Sim","M",2013
"868","Vizinha","Sim","Sim","F",2013
"869","Vizinha","Sim","Sim","M",2013
"870","Local","Não","Sim","F",2011
"871","Local","Não","Sim","F",2012
"872","Local","Sim","Não","M",2011
"873","Vizinha","Sim","Não","F",2011
"874","Local","Sim","Sim","M",2013
"875","Local","Sim","Não","F",2012
"876","Local","Não","Sim","M",2013
"877","Local","Não","Sim","F",2013
"878","Vizinha","Não","Sim","M",2011
"879","Local","Não","Não","F",2011
"880","Vizinha","Não","Não","M",2011
"881","Local","Sim","Não","F",2011
"882","Local","Sim","Não","F",2013
"883","Local","Sim","Sim","M",2011
"884","Local","Não","Sim","M",2012
"885","Vizinha","Sim","Sim","M",2012
"886","Vizinha","Não","Sim","M",2011
"887","Local","Sim","Não","M",2013
"888","Local","Não","Sim","M",2011
"889","Vizinha","Não","Sim","F",2012
"890","Vizinha","Sim","Sim","M",2014
"891","Local","Não","Não","M",2011
"892","Local","Não","Sim","F",2014
"893","Vizinha","Não","Não","F",2011
"894","Local","Sim","Não","M",2014
"895","Local","Sim","Sim","M",2012
"896","Local","Não","Sim","M",2014
"897","Local","Sim","Sim","F",2012
"898","Local","Sim","Sim","M",2014
"899","Local","Não","Não","M",2013
"900","Local","Sim","Não","F",2013
"901","Vizinha","Sim","Não","F",2013
"902","Vizinha","Sim","Sim","M",2011
"903","Local","Sim","Não","M",2012
"904","Local","Não","Sim","F",2013
"905","Local","Não","Não","F",2013
"906","Local","Não","Sim","M",2011
"907","Vizinha","Sim","Sim","F",2014
"908","Local","Não","Sim","M",2012
"909","Vizinha","Sim","Não","M",2012
"910","Local","Não","Sim","F",2011
"911","Vizinha","Não","Sim","F",2013
"912","Vizinha","Sim","Sim","F",2014
"913","Local","Não","Sim","M",2014
"914","Local","Sim","Não","M",2012
"915","Local","Sim","Não","M",2013
"916","Vizinha","Sim","Sim","F",2014
"917","Vizinha","Sim","Não","M",2014
"918","Local","Sim","Não","M",2011
"919","Vizinha","Não","Não","F",2011
"920","Vizinha","Sim","Sim","F",2013
"921","Local","Não","Sim","F",2011
"922","Vizinha","Não","Não","F",2011
"923","Local","Não","Não","M",2014
"924","Local","Não","Sim","M",2012
"925","Vizinha","Não","Sim","F",2014
"926","Vizinha","Não","Não","F",2012
"927","Local","Não","Não","F",2013
"928","Vizinha","Não","Não","F",2011
"929","Vizinha","Não","Sim","M",2012
"930","Vizinha","Sim","Sim","M",2011
"931","Vizinha","Não","Não","M",2012
"932","Vizinha","Não","Sim","F",2011
"933","Local","Sim","Não","M",2012
"934","Vizinha","Não","Sim","M",2012
"935","Vizinha","Não","Sim","F",2013
"936","Local","Não","Não","M",2014
"937","Local","Não","Não","F",2011
"938","Vizinha","Sim","Não","F",2013
"939","Vizinha","Não","Não","M",2013
"940","Vizinha","Não","Não","M",2011
"941","Vizinha","Não","Não","M",2013
"942","Vizinha","Não","Sim","M",2011
"943","Local","Não","Não","M",2014
"944","Vizinha","Não","Não","F",2011
"945","Vizinha","Não","Não","M",2011
"946","Local","Não","Sim","F",2012
"947","Vizinha","Não","Sim","M",2013
"948","Vizinha","Não","Não","F",2012
"949","Vizinha","Não","Sim","M",2012
"950","Vizinha","Sim","Sim","F",2012
"951","Local","Não","Não","M",2013
"952","Local","Não","Não","F",2011
"953","Local","Sim","Sim","M",2011
"954","Local","Não","Não","M",2011
"955","Vizinha","Sim","Não","F",2012
"956","Local","Sim","Não","F",2011
"957","Local","Sim","Sim","F",2012
"958","Local","Sim","Sim","M",2014
"959","Local","Sim","Não","F",2013
"960","Vizinha","Sim","Sim","M",2014
"961","Local","Sim","Sim","F",2013
"962","Local","Não","Não","F",2014
"963","Local","Sim","Sim","M",2013
"964","Vizinha","Não","Sim","M",2011
"965","Vizinha","Sim","Não","F",2011
"966","Vizinha","Sim","Sim","F",2013
"967","Vizinha","Não","Não","M",2014
"968","Local","Sim","Não","M",2013
"969","Vizinha","Não","Não","F",2011
"970","Local","Sim","Sim","M",2013
"971","Local","Sim","Sim","M",2013
"972","Local","Não","Não","M",2011
"973","Vizinha","Não","Não","M",2013
"974","Local","Não","Não","F",2014
"975","Local","Não","Sim","F",2013
"976","Local","Sim","Sim","M",2013
"977","Local","Não","Sim","M",2012
"978","Local","Não","Não","M",2012
"979","Vizinha","Não","Sim","M",2012
"980","Local","Sim","Sim","M",2013
"981","Local","Não","Não","F",2011
"982","Vizinha","Não","Não","M",2014
"983","Vizinha","Sim","Não","M",2011
"984","Local","Não","Não","F",2014
"985","Vizinha","Sim","Não","F",2011
"986","Vizinha","Sim","Sim","F",2014
"987","Vizinha","Sim","Não","F",2014
"988","Vizinha","Não","Sim","M",2013
"989","Vizinha","Não","Não","M",2012
"990","Local","Sim","Não","F",2014
"991","Local","Sim","Não","F",2013
"992","Local","Sim","Sim","M",2013
"993","Vizinha","Não","Sim","F",2014
"994","Vizinha","Não","Não","M",2013
"995","Local","Sim","Sim","F",2014
"996","Vizinha","Sim","Sim","F",2011
"997","Local","Sim","Não","F",2014
"998","Vizinha","Não","Sim","F",2012
"999","Vizinha","Não","Sim","F",2011
"1000","Vizinha","Sim","Sim","F",2011
"1001","Vizinha","Não","Não","F",2011
"1002","Vizinha","Sim","Não","M",2011
"1003","Vizinha","Não","Não","F",2014
"1004","Local","Não","Não","F",2014
"1005","Vizinha","Sim","Não","F",2012
"1006","Local","Não","Não","M",2013
"1007","Vizinha","Não","Não","F",2013
"1008","Vizinha","Sim","Sim","F",2014
"1009","Local","Não","Sim","F",2012
"1010","Local","Sim","Sim","F",2012
"1011","Local","Sim","Não","F",2014
"1012","Local","Sim","Não","F",2014
"1013","Vizinha","Sim","Sim","F",2014
"1014","Vizinha","Não","Não","M",2011
"1015","Vizinha","Não","Sim","M",2014
"1016","Vizinha","Sim","Sim","F",2012
"1017","Vizinha","Sim","Não","F",2012
"1018","Local","Não","Sim","F",2013
"1019","Local","Sim","Sim","M",2012
"1020","Local","Sim","Não","F",2014
"1021","Vizinha","Não","Não","M",2014
"1022","Local","Sim","Não","M",2014
"1023","Local","Sim","Não","M",2011
"1024","Vizinha","Sim","Não","F",2014
"1025","Vizinha","Sim","Sim","F",2014
"1026","Vizinha","Sim","Não","F",2011
"1027","Local","Sim","Não","M",2013
"1028","Local","Não","Sim","M",2012
"1029","Vizinha","Não","Sim","M",2012
"1030","Vizinha","Não","Não","M",2013
"1031","Local","Não","Não","M",2014
"1032","Local","Sim","Não","M",2011
"1033","Local","Não","Não","F",2014
"1034","Local","Não","Sim","F",2013
"1035","Local","Não","Sim","F",2013
"1036","Local","Sim","Sim","F",2013
"1037","Local","Não","Não","M",2013
"1038","Local","Não","Não","F",2012
"1039","Vizinha","Não","Não","M",2012
"1040","Local","Não","Sim","M",2014
"1041","Local","Não","Sim","F",2013
"1042","Local","Sim","Não","F",2013
"1043","Local","Sim","Não","F",2011
"1044","Local","Sim","Não","F",2014
"1045","Local","Não","Não","F",2011
"1046","Vizinha","Não","Não","M",2014
"1047","Local","Não","Sim","F",2014
"1048","Local","Sim","Sim","M",2012
"1049","Vizinha","Não","Sim","F",2012
"1050","Local","Não","Não","M",2013
"1051","Vizinha","Não","Sim","M",2012
"1052","Vizinha","Não","Sim","M",2011
"1053","Vizinha","Sim","Não","F",2014
"1054","Local","Não","Sim","F",2011
"1055","Vizinha","Não","Não","F",2012
"1056","Vizinha","Não","Não","M",2013
"1057","Vizinha","Sim","Não","M",2011
"1058","Local","Não","Sim","F",2013
"1059","Vizinha","Sim","Não","M",2012
"1060","Local","Não","Não","F",2013
"1061","Local","Não","Sim","M",2014
"1062","Vizinha","Não","Não","F",2011
"1063","Vizinha","Não","Sim","M",2014
"1064","Vizinha","Não","Sim","M",2011
"1065","Vizinha","Sim","Não","M",2014
"1066","Local","Sim","Não","F",2014
"1067","Local","Sim","Não","M",2013
"1068","Local","Sim","Sim","F",2013
"1069","Vizinha","Sim","Não","M",2012
"1070","Vizinha","Não","Não","M",2013
"1071","Vizinha","Não","Sim","M",2012
"1072","Vizinha","Sim","Não","F",2014
"1073","Local","Sim","Sim","F",2011
"1074","Vizinha","Não","Sim","M",2013
"1075","Vizinha","Sim","Sim","F",2013
"1076","Local","Sim","Não","M",2011
"1077","Local","Não","Não","F",2012
"1078","Vizinha","Não","Não","M",2011
"1079","Local","Sim","Não","M",2011
"1080","Local","Não","Não","M",2011
"1081","Local","Sim","Não","M",2014
"1082","Local","Sim","Sim","M",2013
"1083","Local","Sim","Não","M",2012
"1084","Vizinha","Não","Não","M",2012
"1085","Local","Não","Sim","M",2014
"1086","Vizinha","Sim","Não","F",2012
"1087","Vizinha","Sim","Não","F",2014
"1088","Vizinha","Sim","Não","F",2012
"1089","Local","Sim","Sim","F",2014
"1090","Local","Sim","Não","M",2011
"1091","Local","Não","Sim","F",2014
"1092","Local","Não","Sim","M",2012
"1093","Local","Sim","Sim","M",2014
"1094","Vizinha","Não","Sim","M",2013
"1095","Local","Não","Sim","M",2014
"1096","Vizinha","Sim","Não","M",2011
"1097","Vizinha","Não","Não","M",2013
"1098","Vizinha","Sim","Não","F",2013
"1099","Local","Sim","Sim","F",2011
"1100","Vizinha","Sim","Não","M",2014
"1101","Vizinha","Não","Não","M",2012
"1102","Vizinha","Não","Não","F",2012
"1103","Local","Sim","Sim","M",2013
"1104","Vizinha","Sim","Não","F",2012
"1105","Local","Não","Não","M",2014
"1106","Vizinha","Sim","Sim","M",2014
"1107","Local","Sim","Sim","F",2012
"1108","Local","Sim","Sim","M",2012
"1109","Vizinha","Não","Sim","F",2012
"1110","Vizinha","Não","Sim","F",2013
"1111","Vizinha","Não","Sim","M",2011
"1112","Local","Não","Sim","F",2014
"1113","Local","Sim","Não","M",2011
"1114","Local","Sim","Não","F",2012
"1115","Local","Não","Não","M",2014
"1116","Vizinha","Sim","Sim","M",2014
"1117","Local","Sim","Não","F",2013
"1118","Local","Sim","Sim","M",2011
"1119","Vizinha","Sim","Sim","F",2014
"1120","Vizinha","Não","Não","F",2011
"1121","Local","Não","Sim","F",2013
"1122","Local","Não","Sim","F",2014
"1123","Vizinha","Não","Sim","M",2011
"1124","Local","Sim","Sim","M",2014
"1125","Vizinha","Não","Não","F",2014
"1126","Local","Não","Sim","M",2013
"1127","Local","Não","Sim","F",2012
"1128","Local","Sim","Sim","M",2013
"1129","Vizinha","Não","Não","F",2014
"1130","Local","Não","Não","F",2014
"1131","Vizinha","Não","Não","F",2012
"1132","Vizinha","Não","Sim","F",2012
"1133","Vizinha","Não","Não","M",2011
"1134","Vizinha","Sim","Não","F",2013
"1135","Vizinha","Não","Sim","F",2014
"1136","Local","Sim","Não","F",2013
"1137","Local","Não","Sim","F",2012
"1138","Vizinha","Sim","Não","F",2014
"1139","Vizinha","Não","Sim","M",2014
"1140","Vizinha","Sim","Sim","M",2014
"1141","Local","Não","Sim","F",2012
"1142","Vizinha","Não","Sim","M",2013
"1143","Vizinha","Sim","Sim","M",2014
"1144","Local","Não","Sim","F",2014
"1145","Vizinha","Sim","Não","M",2013
"1146","Vizinha","Sim","Sim","F",2012
"1147","Local","Sim","Não","M",2014
"1148","Local","Não","Não","M",2012
"1149","Local","Não","Sim","F",2012
"1150","Local","Sim","Não","F",2012
"1151","Local","Sim","Sim","F",2012
"1152","Vizinha","Não","Não","M",2012
"1153","Vizinha","Não","Sim","M",2011
"1154","Local","Sim","Não","F",2014
"1155","Local","Não","Sim","M",2014
"1156","Vizinha","Sim","Sim","M",2012
"1157","Vizinha","Não","Sim","F",2013
"1158","Local","Não","Sim","M",2011
"1159","Vizinha","Não","Não","F",2011
"1160","Vizinha","Não","Não","M",2014
"1161","Vizinha","Sim","Não","F",2013
"1162","Local","Sim","Não","M",2013
"1163","Vizinha","Sim","Sim","M",2012
"1164","Vizinha","Não","Sim","F",2012
"1165","Local","Sim","Sim","F",2014
"1166","Local","Sim","Sim","F",2013
"1167","Local","Sim","Não","F",2013
"1168","Vizinha","Não","Não","M",2013
"1169","Local","Não","Não","F",2011
"1170","Local","Não","Não","F",2013
"1171","Vizinha","Não","Sim","F",2012
"1172","Vizinha","Não","Não","F",2012
"1173","Local","Não","Sim","M",2012
"1174","Vizinha","Não","Sim","F",2011
"1175","Vizinha","Sim","Sim","F",2013
"1176","Local","Sim","Sim","M",2011
"1177","Local","Sim","Não","M",2014
"1178","Vizinha","Sim","Não","M",2014
"1179","Local","Não","Não","F",2014
"1180","Local","Não","Sim","F",2013
"1181","Local","Sim","Não","M",2011
"1182","Local","Não","Sim","F",2012
"1183","Local","Não","Sim","M",2013
"1184","Local","Não","Sim","F",2013
"1185","Vizinha","Sim","Sim","M",2013
"1186","Local","Sim","Não","F",2012
"1187","Vizinha","Não","Sim","F",2013
"1188","Local","Sim","Sim","F",2014
"1189","Local","Não","Sim","F",2013
"1190","Vizinha","Não","Não","M",2013
"1191","Vizinha","Sim","Sim","M",2012
"1192","Vizinha","Não","Sim","M",2013
"1193","Vizinha","Não","Sim","M",2012
"1194","Local","Não","Sim","F",2014
"1195","Local","Não","Não","F",2012
"1196","Local","Sim","Não","M",2012
"1197","Local","Não","Sim","F",2014
"1198","Vizinha","Não","Não","F",2012
"1199","Local","Sim","Sim","M",2013
"1200","Local","Não","Sim","F",2013
"1201","Local","Não","Sim","F",2013
"1202","Vizinha","Sim","Não","M",2012
"1203","Vizinha","Sim","Sim","F",2014
"1204","Vizinha","Sim","Sim","M",2014
"1205","Local","Não","Não","F",2011
"1206","Local","Sim","Não","F",2011
"1207","Local","Sim","Sim","M",2012
"1208","Vizinha","Sim","Não","F",2011
"1209","Vizinha","Não","Não","F",2011
"1210","Vizinha","Não","Sim","M",2011
"1211","Vizinha","Sim","Sim","M",2014
"1212","Local","Sim","Sim","F",2013
"1213","Vizinha","Sim","Sim","M",2013
"1214","Local","Sim","Sim","M",2013
"1215","Local","Não","Não","M",2014
"1216","Vizinha","Não","Sim","F",2013
"1217","Local","Não","Não","M",2013
"1218","Vizinha","Não","Não","M",2014
"1219","Vizinha","Sim","Não","F",2012
"1220","Vizinha","Não","Sim","F",2011
"1221","Local","Não","Sim","M",2013
"1222","Vizinha","Não","Não","F",2012
"1223","Vizinha","Não","Não","F",2012
"1224","Vizinha","Não","Sim","M",2012
"1225","Vizinha","Não","Sim","M",2012
"1226","Local","Não","Sim","F",2011
"1227","Local","Sim","Sim","M",2013
"1228","Vizinha","Sim","Não","M",2012
"1229","Local","Não","Não","M",2014
"1230","Local","Sim","Sim","M",2012
"1231","Local","Não","Não","F",2012
"1232","Local","Sim","Não","M",2013
"1233","Vizinha","Sim","Sim","M",2013
"1234","Local","Não","Não","F",2013
"1235","Local","Sim","Sim","M",2011
"1236","Local","Não","Sim","M",2012
"1237","Vizinha","Não","Sim","M",2013
"1238","Local","Sim","Não","F",2014
"1239","Local","Não","Sim","F",2013
"1240","Local","Sim","Não","M",2013
"1241","Local","Sim","Não","F",2012
"1242","Vizinha","Sim","Não","F",2012
"1243","Local","Não","Sim","F",2011
"1244","Vizinha","Sim","Não","M",2011
"1245","Vizinha","Sim","Não","F",2012
"1246","Vizinha","Não","Sim","M",2012
"1247","Vizinha","Não","Não","M",2013
"1248","Local","Não","Não","M",2014
"1249","Vizinha","Não","Sim","F",2012
"1250","Local","Sim","Não","F",2012
"1251","Vizinha","Sim","Sim","M",2014
"1252","Vizinha","Sim","Não","F",2014
"1253","Vizinha","Sim","Não","M",2014
"1254","Vizinha","Sim","Não","F",2012
"1255","Local","Sim","Sim","F",2011
"1256","Local","Sim","Não","F",2014
"1257","Vizinha","Não","Não","F",2011
"1258","Local","Sim","Não","F",2012
"1259","Local","Não","Sim","F",2013
"1260","Local","Sim","Não","F",2011
"1261","Vizinha","Sim","Sim","M",2012
"1262","Local","Sim","Sim","M",2012
"1263","Vizinha","Não","Sim","F",2011
"1264","Vizinha","Sim","Sim","F",2014
"1265","Local","Sim","Sim","M",2013
"1266","Vizinha","Sim","Sim","F",2013
"1267","Local","Sim","Não","F",2012
"1268","Vizinha","Não","Sim","F",2014
"1269","Local","Não","Não","M",2011
"1270","Vizinha","Não","Sim","M",2013
"1271","Local","Não","Sim","F",2014
"1272","Vizinha","Sim","Não","F",2011
"1273","Vizinha","Não","Não","F",2014
"1274","Local","Sim","Não","M",2012
"1275","Local","Não","Não","M",2013
"1276","Local","Sim","Sim","M",2013
"1277","Vizinha","Não","Não","M",2011
"1278","Vizinha","Sim","Sim","F",2012
"1279","Vizinha","Sim","Não","M",2011
"1280","Vizinha","Não","Sim","M",2011
"1281","Vizinha","Sim","Sim","F",2014
"1282","Local","Não","Sim","M",2013
"1283","Vizinha","Sim","Sim","M",2013
"1284","Vizinha","Sim","Sim","F",2012
"1285","Vizinha","Sim","Não","M",2011
"1286","Local","Não","Sim","F",2013
"1287","Vizinha","Sim","Não","M",2012
"1288","Local","Sim","Não","M",2011
"1289","Local","Sim","Não","M",2014
"1290","Local","Não","Sim","M",2014
"1291","Local","Sim","Sim","F",2011
"1292","Vizinha","Não","Sim","M",2012
"1293","Local","Não","Não","F",2012
"1294","Local","Não","Sim","F",2011
"1295","Vizinha","Não","Não","F",2012
"1296","Local","Não","Sim","F",2013
"1297","Local","Não","Sim","M",2012
"1298","Local","Não","Sim","F",2011
"1299","Vizinha","Não","Não","F",2011
"1300","Vizinha","Sim","Sim","M",2012
"1301","Vizinha","Não","Não","F",2013
"1302","Local","Sim","Sim","F",2014
"1303","Local","Não","Não","M",2013
"1304","Local","Sim","Não","F",2014
"1305","Vizinha","Não","Não","F",2011
"1306","Local","Não","Sim","F",2014
"1307","Vizinha","Sim","Não","F",2011
"1308","Vizinha","Não","Sim","F",2014
"1309","Vizinha","Sim","Não","M",2011
"1310","Vizinha","Sim","Sim","F",2011
"1311","Local","Sim","Não","M",2013
"1312","Vizinha","Não","Não","M",2014
"1313","Local","Não","Não","F",2013
"1314","Vizinha","Não","Não","M",2011
"1315","Local","Não","Não","F",2012
"1316","Local","Não","Não","M",2012
"1317","Vizinha","Sim","Não","F",2011
"1318","Vizinha","Não","Não","M",2011
"1319","Local","Sim","Não","F",2014
"1320","Vizinha","Não","Sim","M",2013
"1321","Local","Não","Sim","M",2011
"1322","Local","Sim","Sim","M",2012
"1323","Local","Não","Sim","M",2012
"1324","Local","Não","Sim","M",2013
"1325","Vizinha","Não","Sim","M",2011
"1326","Vizinha","Sim","Não","F",2011
"1327","Vizinha","Sim","Sim","M",2012
"1328","Vizinha","Não","Sim","F",2011
"1329","Vizinha","Não","Não","F",2014
"1330","Local","Sim","Não","M",2011
"1331","Vizinha","Não","Não","M",2012
"1332","Vizinha","Sim","Não","F",2011
"1333","Local","Sim","Sim","M",2014
"1334","Local","Sim","Sim","F",2013
"1335","Local","Sim","Sim","F",2014
"1336","Local","Não","Sim","F",2012
"1337","Vizinha","Sim","Não","F",2013
"1338","Local","Sim","Não","F",2012
"1339","Vizinha","Sim","Sim","M",2013
"1340","Vizinha","Sim","Não","F",2012
"1341","Local","Sim","Sim","F",2013
"1342","Local","Sim","Sim","M",2014
"1343","Vizinha","Sim","Não","F",2011
"1344","Vizinha","Não","Sim","M",2011
"1345","Local","Não","Não","F",2012
"1346","Local","Sim","Não","M",2011
"1347","Vizinha","Não","Não","F",2011
"1348","Local","Não","Sim","M",2013
"1349","Vizinha","Não","Sim","F",2011
"1350","Local","Sim","Sim","F",2013
"1351","Local","Não","Sim","F",2012
"1352","Vizinha","Sim","Sim","M",2013
"1353","Vizinha","Não","Sim","M",2012
"1354","Vizinha","Sim","Sim","F",2011
"1355","Local","Sim","Não","F",2012
"1356","Vizinha","Sim","Não","M",2012
"1357","Vizinha","Sim","Sim","F",2013
"1358","Local","Não","Não","F",2013
"1359","Vizinha","Sim","Não","F",2012
"1360","Vizinha","Sim","Não","F",2013
"1361","Local","Não","Não","M",2012
"1362","Local","Sim","Não","F",2013
"1363","Local","Sim","Sim","M",2014
"1364","Local","Sim","Não","F",2013
"1365","Vizinha","Sim","Não","M",2014
"1366","Local","Sim","Sim","F",2013
"1367","Vizinha","Não","Sim","M",2013
"1368","Vizinha","Sim","Sim","M",2013
"1369","Vizinha","Sim","Sim","M",2011
"1370","Vizinha","Sim","Sim","F",2011
"1371","Vizinha","Não","Não","M",2013
"1372","Vizinha","Sim","Sim","M",2014
"1373","Vizinha","Sim","Não","F",2012
"1374","Vizinha","Sim","Não","M",2011
"1375","Local","Não","Não","M",2014
"1376","Vizinha","Sim","Sim","M",2014
"1377","Local","Sim","Não","F",2011
"1378","Vizinha","Sim","Sim","M",2011
"1379","Vizinha","Não","Não","F",2011
"1380","Local","Não","Sim","F",2014
"1381","Local","Não","Sim","F",2011
"1382","Vizinha","Sim","Sim","M",2014
"1383","Vizinha","Não","Não","F",2011
"1384","Vizinha","Sim","Sim","M",2013
"1385","Vizinha","Sim","Sim","M",2011
"1386","Vizinha","Não","Não","F",2011
"1387","Local","Sim","Não","M",2014
"1388","Local","Sim","Não","F",2011
"1389","Vizinha","Não","Não","M",2011
"1390","Local","Não","Não","F",2011
"1391","Local","Sim","Não","F",2011
"1392","Local","Sim","Não","M",2011
"1393","Local","Sim","Não","M",2013
"1394","Local","Não","Não","M",2012
"1395","Vizinha","Não","Não","M",2013
"1396","Vizinha","Não","Não","F",2013
"1397","Vizinha","Sim","Não","F",2013
"1398","Vizinha","Sim","Sim","M",2013
"1399","Local","Não","Não","M",2012
"1400","Vizinha","Não","Não","M",2012
"1401","Local","Sim","Sim","F",2014
"1402","Local","Sim","Sim","F",2012
"1403","Vizinha","Não","Não","F",2011
"1404","Local","Sim","Não","F",2013
"1405","Vizinha","Sim","Sim","F",2012
"1406","Vizinha","Não","Sim","M",2011
"1407","Local","Não","Sim","M",2013
"1408","Local","Sim","Não","F",2011
"1409","Vizinha","Não","Não","F",2012
"1410","Local","Não","Não","F",2014
"1411","Local","Sim","Não","F",2013
"1412","Vizinha","Sim","Não","F",2014
"1413","Vizinha","Sim","Não","F",2012
"1414","Local","Não","Sim","F",2014
"1415","Local","Sim","Não","M",2012
"1416","Vizinha","Sim","Não","F",2011
"1417","Vizinha","Sim","Sim","M",2013
"1418","Vizinha","Não","Sim","F",2013
"1419","Local","Não","Não","M",2014
"1420","Vizinha","Não","Não","F",2013
"1421","Vizinha","Sim","Não","M",2013
"1422","Local","Sim","Sim","M",2011
"1423","Vizinha","Sim","Não","F",2014
"1424","Vizinha","Não","Não","M",2011
"1425","Vizinha","Sim","Não","F",2012
"1426","Vizinha","Sim","Não","F",2011
"1427","Vizinha","Sim","Sim","M",2012
"1428","Vizinha","Não","Não","M",2011
"1429","Local","Não","Não","M",2014
"1430","Vizinha","Sim","Sim","M",2013
"1431","Vizinha","Não","Não","F",2012
"1432","Vizinha","Não","Não","M",2012
"1433","Vizinha","Sim","Sim","M",2012
"1434","Local","Não","Não","F",2013
"1435","Vizinha","Não","Não","F",2012
"1436","Vizinha","Sim","Sim","M",2013
"1437","Vizinha","Não","Não","M",2011
"1438","Local","Sim","Não","F",2014
"1439","Local","Não","Sim","F",2013
"1440","Vizinha","Sim","Não","F",2013
"1441","Vizinha","Não","Sim","F",2014
"1442","Vizinha","Sim","Sim","F",2013
"1443","Local","Não","Sim","M",2011
"1444","Vizinha","Não","Não","F",2014
"1445","Local","Não","Sim","M",2013
"1446","Local","Sim","Sim","M",2012
"1447","Local","Não","Sim","F",2012
"1448","Vizinha","Não","Não","M",2011
"1449","Vizinha","Não","Não","F",2012
"1450","Vizinha","Não","Sim","F",2014
"1451","Local","Sim","Não","F",2013
"1452","Vizinha","Sim","Sim","M",2012
"1453","Local","Não","Sim","M",2013
"1454","Vizinha","Sim","Não","F",2013
"1455","Local","Sim","Sim","F",2011
"1456","Vizinha","Não","Não","M",2013
"1457","Local","Sim","Sim","F",2014
"1458","Local","Sim","Sim","M",2011
"1459","Local","Não","Sim","F",2012
"1460","Local","Não","Não","F",2011
"1461","Local","Sim","Não","M",2013
"1462","Local","Sim","Sim","M",2014
"1463","Local","Sim","Sim","F",2011
"1464","Vizinha","Não","Não","M",2011
"1465","Local","Sim","Sim","F",2013
"1466","Vizinha","Sim","Sim","F",2011
"1467","Local","Não","Não","M",2011
"1468","Vizinha","Não","Não","M",2012
"1469","Local","Não","Não","M",2014
"1470","Vizinha","Não","Não","F",2014
"1471","Vizinha","Não","Não","F",2014
"1472","Vizinha","Não","Sim","M",2011
"1473","Local","Não","Não","M",2011
"1474","Vizinha","Sim","Sim","F",2011
"1475","Vizinha","Sim","Não","M",2011
"1476","Vizinha","Não","Sim","M",2013
"1477","Vizinha","Não","Sim","M",2014
"1478","Local","Sim","Sim","F",2014
"1479","Vizinha","Não","Não","F",2012
"1480","Local","Sim","Não","M",2011
"1481","Vizinha","Não","Não","F",2014
"1482","Local","Sim","Não","M",2014
"1483","Local","Não","Não","M",2014
"1484","Vizinha","Sim","Não","F",2011
"1485","Local","Não","Não","M",2012
"1486","Vizinha","Sim","Sim","F",2012
"1487","Vizinha","Não","Não","M",2012
"1488","Local","Sim","Não","M",2011
"1489","Local","Não","Não","F",2013
"1490","Local","Não","Sim","M",2011
"1491","Vizinha","Não","Não","M",2014
"1492","Vizinha","Sim","Não","M",2012
"1493","Local","Sim","Não","F",2013
"1494","Vizinha","Sim","Sim","F",2013
"1495","Vizinha","Não","Sim","F",2014
"1496","Vizinha","Não","Sim","M",2014
"1497","Vizinha","Sim","Sim","F",2013
"1498","Local","Não","Sim","M",2013
"1499","Vizinha","Sim","Não","M",2012
"1500","Local","Não","Não","F",2011
"1501","Vizinha","Sim","Não","M",2014
"1502","Local","Sim","Não","M",2013
"1503","Vizinha","Não","Não","F",2014
"1504","Vizinha","Não","Não","F",2014
"1505","Vizinha","Sim","Sim","M",2014
"1506","Local","Não","Sim","M",2014
"1507","Vizinha","Sim","Não","M",2014
"1508","Vizinha","Sim","Sim","F",2012
"1509","Vizinha","Não","Não","M",2013
"1510","Vizinha","Sim","Não","F",2014
"1511","Vizinha","Não","Sim","M",2011
"1512","Local","Não","Não","F",2014
"1513","Vizinha","Sim","Não","M",2011
"1514","Vizinha","Não","Sim","M",2014
"1515","Local","Não","Não","M",2013
"1516","Vizinha","Sim","Sim","F",2013
"1517","Vizinha","Não","Não","M",2014
"1518","Local","Não","Não","M",2014
"1519","Vizinha","Sim","Não","F",2012
"1520","Local","Sim","Sim","M",2012
"1521","Local","Não","Sim","M",2013
"1522","Vizinha","Não","Sim","M",2012
"1523","Vizinha","Não","Não","M",2014
"1524","Local","Sim","Sim","M",2014
"1525","Vizinha","Sim","Não","F",2014
"1526","Local","Não","Sim","F",2013
"1527","Local","Sim","Sim","F",2011
"1528","Vizinha","Não","Sim","F",2011
"1529","Vizinha","Não","Não","F",2014
"1530","Local","Não","Não","M",2012
"1531","Local","Não","Sim","M",2012
"1532","Local","Não","Não","M",2013
"1533","Local","Sim","Não","M",2013
"1534","Vizinha","Não","Não","F",2014
"1535","Local","Sim","Não","M",2013
"1536","Vizinha","Não","Sim","F",2014
"1537","Vizinha","Sim","Sim","F",2011
"1538","Local","Sim","Sim","M",2013
"1539","Vizinha","Sim","Não","M",2012
"1540","Vizinha","Não","Sim","F",2014
"1541","Local","Não","Não","F",2013
"1542","Local","Sim","Sim","F",2011
"1543","Local","Não","Não","F",2013
"1544","Vizinha","Sim","Não","M",2011
"1545","Local","Sim","Sim","M",2012
"1546","Local","Não","Sim","M",2012
"1547","Vizinha","Sim","Sim","F",2011
"1548","Local","Sim","Não","F",2014
"1549","Vizinha","Não","Não","F",2014
"1550","Vizinha","Não","Sim","F",2012
"1551","Vizinha","Sim","Não","F",2014
"1552","Vizinha","Sim","Sim","M",2013
"1553","Local","Não","Não","F",2013
"1554","Vizinha","Sim","Sim","F",2014
"1555","Vizinha","Sim","Não","M",2014
"1556","Local","Sim","Sim","F",2012
"1557","Local","Não","Não","F",2014
"1558","Vizinha","Sim","Sim","M",2014
"1559","Vizinha","Não","Sim","M",2012
"1560","Vizinha","Sim","Sim","F",2013
"1561","Vizinha","Sim","Não","F",2014
"1562","Vizinha","Não","Sim","F",2011
"1563","Local","Não","Sim","M",2011
"1564","Local","Sim","Não","F",2012
"1565","Local","Sim","Não","M",2013
"1566","Local","Não","Não","F",2011
"1567","Local","Não","Sim","F",2013
"1568","Vizinha","Sim","Sim","F",2013
"1569","Vizinha","Não","Não","F",2014
"1570","Local","Não","Sim","M",2014
"1571","Local","Sim","Não","M",2013
"1572","Local","Sim","Não","F",2014
"1573","Vizinha","Sim","Não","M",2011
"1574","Vizinha","Não","Não","M",2011
"1575","Local","Não","Sim","F",2013
"1576","Local","Não","Não","M",2012
"1577","Local","Não","Sim","F",2012
"1578","Vizinha","Sim","Sim","F",2011
"1579","Vizinha","Sim","Não","M",2012
"1580","Vizinha","Não","Sim","F",2011
"1581","Local","Não","Sim","M",2011
"1582","Local","Sim","Não","M",2013
"1583","Vizinha","Sim","Sim","M",2013
"1584","Vizinha","Sim","Não","M",2011
"1585","Vizinha","Não","Sim","F",2014
"1586","Vizinha","Sim","Não","M",2012
"1587","Local","Não","Não","F",2014
"1588","Vizinha","Não","Sim","M",2011
"1589","Vizinha","Sim","Sim","M",2012
"1590","Vizinha","Não","Sim","F",2011
"1591","Vizinha","Não","Sim","M",2013
"1592","Local","Não","Sim","F",2013
"1593","Local","Sim","Sim","F",2012
"1594","Local","Sim","Não","M",2011
"1595","Vizinha","Não","Sim","F",2012
"1596","Vizinha","Sim","Não","F",2013
"1597","Vizinha","Sim","Não","M",2012
"1598","Vizinha","Não","Sim","F",2014
"1599","Local","Sim","Sim","M",2014
"1600","Vizinha","Sim","Não","F",2011
"1601","Vizinha","Sim","Sim","M",2012
"1602","Local","Não","Não","F",2012
"1603","Local","Sim","Sim","F",2013
"1604","Vizinha","Sim","Não","F",2014
"1605","Vizinha","Não","Não","M",2013
"1606","Vizinha","Não","Não","F",2012
"1607","Vizinha","Não","Sim","M",2011
"1608","Local","Não","Sim","M",2011
"1609","Local","Não","Não","M",2011
"1610","Vizinha","Não","Não","M",2013
"1611","Local","Não","Não","F",2012
"1612","Local","Sim","Não","F",2012
"1613","Vizinha","Não","Sim","M",2011
"1614","Vizinha","Sim","Não","F",2011
"1615","Vizinha","Não","Sim","M",2011
"1616","Local","Não","Sim","M",2014
"1617","Vizinha","Não","Sim","F",2014
"1618","Local","Não","Não","M",2012
"1619","Local","Sim","Não","F",2011
"1620","Local","Sim","Sim","M",2014
"1621","Local","Não","Sim","M",2011
"1622","Local","Não","Sim","M",2013
"1623","Vizinha","Não","Sim","M",2013
"1624","Vizinha","Não","Não","F",2014
"1625","Vizinha","Não","Não","F",2011
"1626","Vizinha","Não","Sim","F",2011
"1627","Vizinha","Sim","Não","M",2013
"1628","Vizinha","Sim","Não","M",2013
"1629","Vizinha","Sim","Não","M",2012
"1630","Vizinha","Não","Sim","M",2012
"1631","Local","Não","Não","F",2013
"1632","Local","Sim","Não","F",2013
"1633","Local","Sim","Não","F",2013
"1634","Local","Não","Não","F",2012
"1635","Local","Não","Sim","M",2011
"1636","Vizinha","Não","Não","F",2013
"1637","Local","Sim","Sim","F",2011
"1638","Local","Não","Sim","M",2012
"1639","Local","Sim","Sim","M",2011
"1640","Local","Sim","Sim","M",2014
"1641","Vizinha","Não","Não","F",2013
"1642","Vizinha","Sim","Sim","M",2013
"1643","Local","Sim","Não","F",2013
"1644","Vizinha","Sim","Sim","M",2012
"1645","Local","Não","Sim","M",2014
"1646","Vizinha","Sim","Sim","M",2014
"1647","Vizinha","Não","Não","F",2013
"1648","Local","Não","Não","M",2013
"1649","Vizinha","Não","Não","M",2011
